{
	"imports": ["os", "sys", "boto3"],
	"import_from": [
		{
			"file":"hello_world",
			"class":"hello_world_class"
		}
	],
	"scheduler_arguments":{
		"owner":"operations",
		"depends_on_past":"False",
		"start_date": "datetime(2018,02,14)",
		"email": "['<YOUR MAILADRESS HERE>']",
		"email_on_failure": "True",
		"email_on_retry": "False",
		"retries": 0,
		"retry_delay": 60,
		"catchup_by_default": "False"
	},
	"dag":{
		"name":"test_framework_print",
		"schedule":"0 * * * *",
		"catchup":"False"
	},
	"definitions":[
		{
			"name":"print_hello_world",
			"class":"hello_world_class",
			"methods":["output","output_2"]
		},
		{
			"name":"print_hello_ops",
			"command":"print('Hello Ops')"
		}
	],
	"tasks":[
		{
			"name":"t_print_hello_world",
			"id":"print_hello_world",
			"definition":"print_hello_world",
			"operator":"python",
			"link":[
				{
					"name":"t_print_hello_ops",
					"type":"set_downstream"
				}
			]
		},
		{
			"name":"t_print_hello_ops",
			"id":"print_hello_ops",
			"definition":"echo hello_ops",
			"operator":"bash"
		}
	]
}
